<?xml version="1.0" encoding="UTF-8" standalone="yes"?>
<addons>
<!--suppress ALL -->
<addon id="plugin.video.1channel" version="2.5.55" name="1Channel" provider-name="Bstrdsmkr, tuxen, tknorris">
    <requires>
        <import addon="xbmc.python" version="2.1.0"/>
        <import addon="script.module.urlresolver" version="2.2.0"/>
        <import addon="script.module.addon.common" version="2.0.0" />
        <import addon="script.module.metahandler" version="2.6.0" />
        <import addon="script.module.myconnpy" version="1.1.6" />
        <import addon="script.module.axel.downloader" version="0.2.0" optional="true"/>
    </requires>
    <extension point="xbmc.python.pluginsource" library="default.py">
        <provides>video</provides>
    </extension>
    <extension point="xbmc.service" library="service.py" start="startup">
    </extension>
    <extension point="xbmc.addon.metadata">
        <summary>Browse 1channel.ch</summary>
        <description>Play a wide selection of movies and TV shows from PrimeWire.ag.
***This addon is supported at [COLOR blue]www.tvaddons.ag[/COLOR], [COLOR white][B]NOT[/B][/COLOR] [COLOR red]xbmc.org[/COLOR]. ***
        </description>
        <platform>all</platform>
        <website>http://tvaddons.ag/</website>
		<forum>http://forums.tvaddons.ag/forums/32-BSTRDSMKR-S-REPOSITORY</forum>
    </extension>
</addon>

<addon id="plugin.video.movie25"
       name="Mash Up"
       version="1.4.1"
       provider-name="Tronix 2014">
    <requires>
        <import addon="xbmc.python" version="2.1.0"/>
		<import addon="script.module.urlresolver"  version="0.0.1"/>
		<import addon="script.module.t0mm0.common" version="1.1.0"/>
		<import addon="script.module.metahandler"  version="1.0.2"/>
		<import addon="script.module.beautifulsoup"/>
    </requires>
    <extension point="xbmc.python.pluginsource"
               library="default.py">
        <provides>video</provides>
    </extension>
    <extension point="xbmc.addon.metadata">
    <summary lang="en">Browse Movie25 and many more sources</summary>
    <description lang="en">Browse and play a wide selection of movies from the sites like Movie25.com, watchfreeseres, seriesgate, rlsmx, newmyvidelinks etc.
	[COLOR red]Mash Up plugin is coded with Google Analytics which can be disabled in addon settings under General Tab.[/COLOR]
	[COLOR green]Mash Up is Now Officially Ad Free[/COLOR]</description>
    <platform>all</platform>
  </extension>
</addon>

<addon id="repository.yolo-boo" name="Yolo-Boo's Repository" version="0.0.3" provider-name="Yolo-Boo">
	<extension point="xbmc.addon.repository" name="Yolo-Boo XBMC Addon Collection">
		<info compressed="false">https://raw.githubusercontent.com/charlesjackson261/yolo-boo/master/addons.xml</info>
		<checksum>https://raw.githubusercontent.com/charlesjackson261/yolo-boo/master/addons.xml.md5</checksum>
		<datadir zip="true">https://github.com/charlesjackson261/yolo-boo/raw/master/</datadir>
	</extension>
	<extension point="xbmc.addon.metadata">
		<summary>Yolo-Boo Addons</summary>
		<description>Download and install addons collected by Yolo-Boo!</description>
		<platform>all</platform>
	</extension>
</addon>
</addons>
